run_id,job_id,title,description_excerpt,source,country,expected_skills,missed_skill,ontology_gap,reviewer_notes
75,17,Data Scientist,Data ScientistUne plate-forme informatique de pointe en mémoire recherche un Data Dataist pour rejoindre son équipe à Paris. Ils constituent la principale plate-forme informatique en mémoire pour l?analyse rapide des données et le traitement extrême des transactions. Leurs clients incluent; Organisations de rang 1 et r,adzuna,fr,,,,
75,24,Data Scientist - Freelance,"Description du poste Taux journalier (TJM): 430 Data Scientist confirmé (H/F) — Freelance Lyon (télétravail partiel) · ️ Démarrage : 20/07/2026 Le contexte Dans le cadre d'un projet data au sein d'un acteur majeur du secteur de l'énergie, nous recherchons un·e Data Scientist confirmé·e pour renforcer une équipe dédiée ",adzuna,fr,,,,
75,42,Alternance - Data Scientist,"Valeo is a tech global company, designing breakthrough solutions to reinvent the mobility. We are an automotive supplier partner to automakers and new mobility actors worldwide. Our vision? Invent a greener and more secured mobility, thanks to solutions focusing on intuitive driving and reducing CO2 emissions. We are l",adzuna,fr,,,,
75,48,Data Scientist - CDI,Description du poste Salaire: 38 000 - 45 000€ Activité principale : • Participation à des ateliers avec des experts métiers pour collecter le besoin et comprendre les données • Conception et développement de traitements de données • Réalisation d’études statistiques • Présentation de résultats sous la forme de rapport,adzuna,fr,,,,
75,60,Data Scientist (F/H),"Informations générales Entité de rattachement Entreprise de l'Economie Sociale, la Macif appartient à ses sociétaires. Chaque jour, près de 10 000 collaborateurs se mobilisent pour apporter la meilleure qualité de service à nos 5,3 millions de sociétaires et clients en assurances dommages, santé - prévoyance et finance",adzuna,fr,,,,
75,72,Senior Data Scientist I,"About DV & Scibids ""DV Scibids"" is a global leader in AI-powered digital campaign activation. Scibids' solutions empower global brands to effectively boost ad performance and outcomes while improving operational efficiency and reducing manual lift. DoubleVerify technology does not rely on digital identifiers such as co",adzuna,fr,,,,
75,74,Apprentissage Data scientist [Alternance],"Description Unité de renseignement tactique de l’armée de Terre, le 54e RT est spécialisé dans le renseignement et l’action cyber-électronique. Pour réaliser ses différentes missions, le régiment met en œuvre différents dispositifs de captation des signaux électromagnétiques ainsi que de l’analyse de ces signaux. De pl",adzuna,fr,,,,
75,77,Chargé de mission Data Scientist,"PRESENTATION DU POSTE Famille de métier Management, gestion et aide à la décision Sous famille de métier : Pilotage de la performance / Data / décisionnel Métier : Chargé(e) de mission Data Scientist Code métier : (à adapter type contrôleur de gestion / data analyst) Intitulé du poste Chargé(e) de mission Data Scientis",adzuna,fr,,,,
75,100,Data Scientist H/F,"About Swiss Life Asset Managers France Swiss Life Asset Managers France is the asset management entity of Swiss Life Asset Managers in France. The company has 280 employees and EUR 56.7 billion in assets under management (1). Swiss Life Asset Managers France draws on experienced teams, savoir-faire, long-term commitmen",adzuna,fr,,,,
75,104,Stage : Stage - Data scientist,"Le Groupe AXA est un leader mondial de l’assurance et de la gestion d’actifs, avec 160 000 collaborateurs au service de 105 millions de clients dans 62 pays. Nous protégeons et conseillons nos clients à chaque étape de leur vie, en proposant des produits et services qui répondent à leurs besoins dans les domaines de l'",adzuna,fr,,,,
75,117,Data Scientist F/H,"En tant qu'organisateur de forums de recrutement, Talents Handicap accompagne de très nombreuses entreprises & organisations en France dans leurs recrutements de collaborateurs en situation de handicap. Participant actuellement à l'un de nos forums. L'entreprise Atos recherche actuellement des profils : Vos missions à ",adzuna,fr,,,,
75,123,ALTERNANCE - Data Scientist H/F,"Leader de l'assurance vie en France, nous travaillons au service de nos clients et de la société. Vous rejoindrez plus précisément la Business Unit Epargne et Retraite Individuelle (ERI) dont la mission est de concevoir, fabriquer et gérer des produits d'assurances qui répondent aux besoins de nos clients en Epargne, R",adzuna,fr,,,,
75,144,Chercheur - Data Scientist H/F,"En pleine phase de scale-up et d'évolution de nos algorithmes de nouvelle génération, notre équipe R&D recherche un Chercheur / Data Scientist H/F pour concevoir les modèles mathématiques de demain au sein de notre équipe Research. Rattaché à l'équipe Research, vous serez au coeur de l'innovation algorithmique de nos d",adzuna,fr,,,,
75,185,Data Scientist - Recherche Operationnelle F/H,"Lieu : Toulon, France Construisons ensemble un avenir de confiance Thales est un leader mondial des hautes technologies spécialisé dans trois secteurs d’activité : Défense & Sécurité, Aéronautique & Spatial, et Cyber & Digital. Il développe des produits et solutions qui contribuent à un monde plus sûr, plus respectueux",adzuna,fr,,,,
75,193,Data Scientist Consultant (M/F),"Founded in 2007, TNP Consultants is a fast-growing, independent European consulting firm specializing in strategic, operational, digital, and regulatory transformations. We support leading organizations across banking, insurance, transportation, energy, automotive, and the public sector—helping them turn complexity int",adzuna,fr,,,,
75,234,Alternance : ALTERNANCE - DATA SCIENTIST - H/F,"Alternance - Data Scientist - (H/F) VOTRE RÔLE AU QUOTIDIEN BNP Paribas est une banque leader de la zone euro et un acteur bancaire de premier plan dans le monde, avec une forte présence internationale. Ses collaborateurs accompagnent au quotidien les métiers de la Banque dans leurs grands projets et construisent avec ",adzuna,fr,,,,
75,252,Data Scientist Senior (H/F) (IT),"Dans le cadre d'une mission de longue durée au sein d'un acteur majeur de la grande distribution, vous intégrez une Analytics Factory chargée de concevoir et de déployer des services analytiques avancés à destination des équipes métier. Le projet porte sur la digitalisation et l'automatisation du processus promotionnel",adzuna,fr,,,,
75,272,Stage Data Scientist - Risques climatiques - Septembre 2026,"Date de prise de poste : 1er Septembre 2026 Fondée en 2014, Deepki est la solution SaaS de référence en matière de durabilité dans le secteur immobilier. Elle accompagne les acteurs de l’immobilier tertiaire dans l’atteinte de leurs objectifs de durabilité grâce à un logiciel innovant et à des services d’expertise. La ",adzuna,fr,,,,
75,276,Data Scientist - Terrain & Performance Industrielle F/H,"Data Scientist - Terrain & Performance Industrielle F/H Détail de l'offre Informations générales Entité de rattachement Safran est un groupe international de haute technologie, actif dans l'aéronautique (propulsion, équipements, intérieurs), l'espace et la défense. Sa mission : contribuer à un monde plus sûr et à un tr",adzuna,fr,,,,
75,295,Stage : Data scientist validation des modèles F/H,Vos missions au service de l’économie française La validation et la revue régulière des modèles quantitatifs de Bpifrance La supervision de backtests annuels sur les modèles quantitatifs Le développement de mesures de risque de modèle purement statistiques ou à dires d’expert Le Pôle de Validation des Modèles est le po,adzuna,fr,,,,
75,304,Economiste / Data Scientist infrastructures de marchés (H/F),"Type de recrutement : ‎ Stage ‎ Domaine de compétences : Économie et statistique ‎ Ville : Paris ‎ Département : Paris ‎ Description du poste: ‎ Présentation de la direction générale et du service Vous rejoindrez la Direction générale de la Stabilité financière et des Opérations (DGSO), qui assure la mise en œuvre opér",adzuna,fr,,,,
75,327,Ingénieur(e) Data Scientist confirmé(e) - Industrie - Toulouse,"En tant qu'organisateur de forums de recrutement, Talents Handicap accompagne de très nombreuses entreprises & organisations en France dans leurs recrutements de collaborateurs en situation de handicap. Participant actuellement à l'un de nos forums. L'entreprise CS GROUP recherche actuellement des profils : Description",adzuna,fr,,,,
75,332,Alternance - Assistant data engineer / data scientist (H/F),"Description La Fédération Française de Rugby (FFR) recherche un assistant data engineer/data scientist (H/F) en contrat d’alternance uniquement au sein de sa direction SI, data et digital. Le poste est à pourvoir, idéalement, dès septembre 2026 et pour une durée de 12 mois, au Centre National de Rugby, à Linas-Marcouss",adzuna,fr,,,,
75,351,Ingénieur études / data scientist en observation de la terre et climat - h/f,"Description entreprise : CLS, filiale du CNES et de la CNP, est une société à mission internationale, pionnière dans la fourniture de solutions d'observation et de surveillance de la Terre depuis 1986. Sa vision est d'imaginer et de déployer des solutions innovantes pour comprendre, protéger notre Planète et gérer dura",adzuna,fr,,,,
75,371,Data Scientist Senior - Pricing et Revenue Management (F/H),"Pour l'un de nos clients majeurs du Retail, nous recherchons un(e) Data Scientist Senior. Votre mission ? Transformer des volumes massifs de données en modèles prédictifs et décisionnels de pointe pour piloter les stratégies de tarification, de recommandation et de Revenue Management. Vos missions : Allier rigueur math",adzuna,fr,,,,
75,373,Data Scientist / Analyst - CDD 12 mois - Reims H/F,Description du poste Intitulé du poste Data Scientist / Analyst - CDD 12 mois - Reims H/F Description de la mission Envie de donner du sens à vos compétences ? Nous sommes là pour permettre au plus grand nombre de construire leur vie en confiance. Notre Groupe écrit l'aventure du mutualisme depuis plus de 120 ans et ac,adzuna,fr,,,,
75,446,Data Engineer H/F,"Description du poste et Missions Le groupe Télégramme, qui sommes-nous ? Monter à bord du groupe Télégramme, c'est prendre part à une grande aventure de plus de 80 ans ! Avec plus de 1 200 collaborateurs, le groupe Télégramme est aujourd'hui organisé autour de trois branches d'activités : Médias et Communication, Emplo",adzuna,fr,,,,
75,539,Medical Data & Insights Consultant,"Quinten Health is recruiting a Medical Data and Insights Consultant to join the Healthcare team, working in close collaboration with Data Scientists, Biostatisticians, and Project Managers. You will be supported by two senior medical data and insights consultants. You might be involved in a project such as: Identify ri",adzuna,fr,,,,
75,562,CDI- Private Marketplace Manager (H/F),"Description Position at Havas Media Dans le cadre du développement du groupe Havas Media France , nous sommes à la recherche d’un Private Marketplace Manager (H/F). Mission Le Private Marketplace Manager est en charge de produire les suivis d’investissements publishers et data Il est en charge de référencer l’ensemble ",adzuna,fr,,,,
75,564,CDI- Private Marketplace Manager (H/F),"Description Dans le cadre du développement du groupe Havas Media France , nous sommes à la recherche d’un Private Marketplace Manager (H/F). Mission Le Private Marketplace Manager est en charge de produire les suivis d’investissements publishers et data Il est en charge de référencer l’ensemble des deals et des PMP Il ",adzuna,fr,,,,
75,608,Solution Owner - Consultant Skywise H/F,"La ligne de service Consulting & Solutions d'Akkodis France renforce ses équipes en région Occitanie et recrute un Solution Owner / Consultant Skywise H/F en CDI à Toulouse. Ce poste s'inscrit dans un contexte technologique exigeant, au coeur des secteurs automobile et aéronautique, et consiste à piloter la conception,",adzuna,fr,,,,
75,618,Head of Data,"The company is an international Health and Fitness app enabling its users to generate revenue whilst on the move through insights, gamification, charity support, and financial incentives programs, making it the app loved and trusted by over 30 millions users worldwide with Millions of $ redistributed to its users and d",adzuna,fr,,,,
75,648,Alternance : ALTERNANCE - Ingénieur(e) Systèmes - Produits Communicants,"Publiée le 28/04/2026 Description de l'employeur LE CLUSTER INGÉNIERIE NORD, QUI SOMMES-NOUS ? Composante de SNCF Voyageurs, l'Ingénierie du Matériel assure une expertise déterminante pour la sécurité, la fiabilité et la performance du matériel roulant. Elle est à l'origine de : · La conception · La réalisation des ess",adzuna,fr,,,,
75,669,Analyste Quantitatif du Risque de Contrepartie H/F,"Risk and Permanent Control (RPC) de CA CIB fait partie de la ligne métier Risques et Contrôles Permanents de Crédit Agricole S.A. La Direction de RPC identifie, analyse, mesure et contrôle les risques de contrepartie, les risques de marché, les risques pays et de portefeuille ainsi que les risques opérationnels. Au sei",adzuna,fr,,,,
75,685,Lead Data Engineer - Hu002FF,"Tu es passionné(e) par les données et tu maîtrises l’art de concevoir des pipelines de données robustes et performants ? Construire des architectures de données scalables, automatiser les flux et guider des équipes techniques t’enthousiasme ? Rejoins Data Factorii en tant que Lead Data Engineer et prends la tête des pr",adzuna,fr,,,,
75,688,Architecte junior REVIT F/H,"Intégré au sein d’une équipe dédiée à des projets industriels, vous participerez activement à toutes les phases de conception des projets. Vos principales missions seront : Modélisation BIM : Concevoir et développer des maquettes numériques 3D complexes sur Revit (phases ESQ, APS, APD, PRO, DCE) Dessin & Technique : Pr",adzuna,fr,,,,
75,717,Alternance : ALTERNANCE - Développeur(euse) informatique embarqué,"Publiée le 10/04/2026 Description de l'employeur LE CLUSTER INGÉNIERIE NORD, QUI SOMMES-NOUS ? Composante de SNCF Voyageurs, l'Ingénierie du Matériel assure une expertise déterminante pour la sécurité, la fiabilité et la performance du matériel roulant. Elle est à l'origine de : · La conception · La réalisation des ess",adzuna,fr,,,,
75,747,Analyste OSINT / CTI - VIGINUM H/F,"Vos missions en quelques mots L’analyste OSINT/CTI H/F sera rattaché(e) au bureau « Analyse de la menace » de la division des Opérations. À ce titre, ses principales missions seront les suivantes : Investigations sur les réseaux sociaux et maîtrise des outils de recherche et d’exploitation ; Investigations sur les infr",adzuna,fr,,,,
75,777,Stage : Stage Data Expert - Colomiers,"Description de l'entreprise S’appuyant sur son savoir-faire des produits complexes de haute technologie, la vocation de CIMPA est de fournir à ses clients un avantage concurrentiel en améliorant l'efficacité opérationnelle tout au long du cycle de vie du produit. Complexité technologique, long cycle de de vie, exigence",adzuna,fr,,,,
75,807,Stage Mars Petcare - Analyste Junior – Solutions Smart Factory (H/F/X) - Septembre 2026,"Job Description: Rejoindre le groupe Mars, c'est choisir plus qu'un stage ou une alternance. Chez Mars, nous croyons qu'une entreprise peut avoir un impact positif sur le monde. Entreprise familiale depuis plus de 100 ans, présente dans plus de 80 pays, Mars est guidée par ses 5 Principes : Qualité, Responsabilité, Mut",adzuna,fr,,,,
75,856,Actuaire Datascientist - F/H (CDI),"Morgan Philips Executive Search est un acteur international en Recrutement de Dirigeants, Cadres et Experts et en Conseil du Talent Management. Nous accompagnons des organisations de toute taille, de tout secteur, internationales ou locales dans l'identification, l'évaluation et la sélection de leurs futurs collaborate",adzuna,fr,,,,
75,895,CTO et Co - fondateur(trice),"Je cherche un partenaire clé dans la construction de l'entreprise Hippocrate Care. En tant que CTO et Co-fondateur(trice) , vous serez le pilier technologique, produit, mais nous serons évidemment amenés à faire plus que les attributions d'un poste classique (recrutement, recherche de financement, communication,...). V",adzuna,fr,,,,
75,897,Alternance : ALTERNANCE - Ingénieur(e) d'Études - Moyens de Test,"Publiée le 25/04/2026 Description de l'employeur LE CLUSTER INGÉNIERIE NORD, QUI SOMMES-NOUS ? Composante de SNCF Voyageurs, l'Ingénierie du Matériel assure une expertise déterminante pour la sécurité, la fiabilité et la performance du matériel roulant. Elle est à l'origine de : · La conception · La réalisation des ess",adzuna,fr,,,,
75,921,Export Control Analyst F/H,"Export Control Analyst F/H Détail de l'offre Informations générales Entité de rattachement Safran est un groupe international de haute technologie opérant dans les domaines de l'aéronautique (propulsion, équipements et intérieurs), de l'espace et de la défense. Sa mission : contribuer durablement à un monde plus sûr, o",adzuna,fr,,,,
75,930,Customer Support Engineer,"Company OverviewKLA is a global leader in diversified electronics for the semiconductor manufacturing ecosystem. Virtually every electronic device in the world is produced using our technologies. No laptop, smartphone, wearable device, voice-controlled gadget, flexible screen, VR device or smart car would have made it ",adzuna,fr,,,,
75,940,Responsable Sécurité des Systèmes d’Information F/H,"Notre client est un acteur du numérique évoluant dans un environnement fortement réglementé, avec des enjeux de sécurité, de qualification et de conformité au cœur de son activité. Dans un contexte de rapprochement opérationnel entre deux entités d’un même groupe, l’entreprise souhaite structurer et renforcer sa gouver",adzuna,fr,,,,
75,973,Alternance : Alternance - Talent Acquisition Associate - Alternance,"Dans le cadre de notre forte croissance, nous sommes à la recherche d’un.e alternant.e ou stagiaire de fin d’études pour collaborer avec notre Talent Acquisition Specialist et recruter les meilleurs profils sur le marché concurrentiel de la data ! Après formation interne à notre méthodologie et à notre offre, tu seras ",adzuna,fr,,,,
75,1028,Constitution de vivier de talents IT F/H,"À propos de CELIOS Cher Candidat F/H, je m'appelle Lucie et je suis ravie que vous ayez vu notre offre. Il n'y a pas de hasard, vous êtes au bon endroit pour découvrir votre prochaine aventure ! Suivez-moi pour vous dire qui nous sommes mais aussi le contenu du poste qui peut vous attendre ! C'est parti ! Le Groupe Cél",adzuna,fr,,,,
75,1038,Data Analyst - 6 Month Internship,"Our Mission Prose is truly custom hair and skin care made-to-order—just for you. Our line of custom products are made by an in-house, Paris-based R&D team of gifted chemists who combine natural ingredients in innovative ways alongside dermatologists, giving consumers clean skin care, hair care and impeccable results. A",adzuna,fr,,,,
75,1046,Research Engineer in Model-Based Engineering for Safety Assurance of Medical Applications H/F,"General information Organisation The French Alternative Energies and Atomic Energy Commission (CEA) is a key player in research, development and innovation in four main areas : • defence and security, • nuclear energy (fission and fusion), • technological research for industry, • fundamental research in the physical sc",adzuna,fr,,,,
